{
  "accuracy": 0.9741666666666666,
  "precision": 0.8669950738916257,
  "recall": 0.9777777777777777,
  "f1_score": 0.9190600522193212,
  "confusion_matrix": [
    [
      993,
      27
    ],
    [
      4,
      176
    ]
  ],
  "threshold": 0.35,
  "class_distribution_train": {
    "negative": 4080,
    "positive": 720
  },
  "fraud_ratio_dataset": 0.15,
  "weights_used": {
    "lightgbm": 0.55,
    "xgboost": 0.45,
    "catboost": 0.0,
    "isolation_forest": 0.0
  }
}