{
  "accuracy": 0.9766666666666667,
  "precision": 0.9418604651162791,
  "recall": 0.9,
  "f1_score": 0.9204545454545455,
  "confusion_matrix": [
    [
      1010,
      10
    ],
    [
      18,
      162
    ]
  ],
  "threshold": 0.79,
  "class_distribution_train": {
    "negative": 4080,
    "positive": 720
  },
  "fraud_ratio_dataset": 0.15,
  "weights_used": {
    "lightgbm": 0.55,
    "xgboost": 0.45,
    "catboost": 0.0,
    "isolation_forest": 0.0
  }
}